target,R2,MAE,RMSE
det_duration_days,0.3269582110315655,16.121272362396557,29.507990751106057
schedule_risk_ratio,0.0077423541562485765,0.08587479442064834,0.1618576449799744
